ID,Severity,Type,File,Line,Message,Suggestion,"Original Code","Full Path"
1,HIGH,METHOD,2025_10_07_214921_add_missing_columns_to_users_table.php,45,"Forbidden method: dropColumn()","Always check column existence with Schema::hasColumn() first",$table->dropColumn([,/Users/macbookpro/Projects/yalihanai/database/migrations/2025_10_07_214921_add_missing_columns_to_users_table.php
2,HIGH,METHOD,2025_10_08_132426_update_sites_status_column.php,31,"Forbidden method: dropColumn()","Always check column existence with Schema::hasColumn() first",$table->dropColumn('active');,/Users/macbookpro/Projects/yalihanai/database/migrations/2025_10_08_132426_update_sites_status_column.php
3,HIGH,METHOD,2025_10_08_132426_update_sites_status_column.php,57,"Forbidden method: dropColumn()","Always check column existence with Schema::hasColumn() first",$table->dropColumn('status');,/Users/macbookpro/Projects/yalihanai/database/migrations/2025_10_08_132426_update_sites_status_column.php
4,HIGH,METHOD,2025_10_10_071029_add_last_activity_at_to_users_table.php,22,"Forbidden method: dropColumn()","Always check column existence with Schema::hasColumn() first",$table->dropColumn('last_activity_at');,/Users/macbookpro/Projects/yalihanai/database/migrations/2025_10_10_071029_add_last_activity_at_to_users_table.php
5,HIGH,METHOD,2025_10_10_174618_add_seviye_to_ilan_kategorileri_table.php,31,"Forbidden method: dropColumn()","Always check column existence with Schema::hasColumn() first",$table->dropColumn('seviye');,/Users/macbookpro/Projects/yalihanai/database/migrations/2025_10_10_174618_add_seviye_to_ilan_kategorileri_table.php
6,HIGH,METHOD,2025_10_10_184720_add_talep_id_to_eslesmeler_table.php,27,"Forbidden method: dropColumn()","Always check column existence with Schema::hasColumn() first",$table->dropColumn('talep_id');,/Users/macbookpro/Projects/yalihanai/database/migrations/2025_10_10_184720_add_talep_id_to_eslesmeler_table.php
7,HIGH,METHOD,2025_10_11_180000_add_referans_system_to_ilanlar_table.php,57,"Forbidden method: dropColumn()","Always check column existence with Schema::hasColumn() first",$table->dropColumn([,/Users/macbookpro/Projects/yalihanai/database/migrations/2025_10_11_180000_add_referans_system_to_ilanlar_table.php
8,HIGH,METHOD,2025_10_11_215700_add_anahtar_management_fields_to_ilanlar_table.php,51,"Forbidden method: dropColumn()","Always check column existence with Schema::hasColumn() first",$table->dropColumn([,/Users/macbookpro/Projects/yalihanai/database/migrations/2025_10_11_215700_add_anahtar_management_fields_to_ilanlar_table.php
9,CRITICAL,METHOD,2025_10_12_174311_rename_site_adi_to_name_in_site_apartmanlar_table.php,19,"Forbidden method: renameColumn()","Use DB::statement() with ALTER TABLE ... CHANGE","$table->renameColumn('site_adi', 'name');",/Users/macbookpro/Projects/yalihanai/database/migrations/2025_10_12_174311_rename_site_adi_to_name_in_site_apartmanlar_table.php
10,CRITICAL,METHOD,2025_10_12_174311_rename_site_adi_to_name_in_site_apartmanlar_table.php,32,"Forbidden method: renameColumn()","Use DB::statement() with ALTER TABLE ... CHANGE","$table->renameColumn('name', 'site_adi');",/Users/macbookpro/Projects/yalihanai/database/migrations/2025_10_12_174311_rename_site_adi_to_name_in_site_apartmanlar_table.php
11,HIGH,METHOD,2025_10_15_213116_add_danisman_id_to_ilanlar_table.php,28,"Forbidden method: dropColumn()","Always check column existence with Schema::hasColumn() first",$table->dropColumn('danisman_id');,/Users/macbookpro/Projects/yalihanai/database/migrations/2025_10_15_213116_add_danisman_id_to_ilanlar_table.php
12,HIGH,METHOD,2025_10_15_213509_add_danisman_id_to_kisiler_table.php,28,"Forbidden method: dropColumn()","Always check column existence with Schema::hasColumn() first",$table->dropColumn('danisman_id');,/Users/macbookpro/Projects/yalihanai/database/migrations/2025_10_15_213509_add_danisman_id_to_kisiler_table.php
13,HIGH,METHOD,2025_10_19_223750_add_coordinates_to_mahalleler_table.php,36,"Forbidden method: dropColumn()","Always check column existence with Schema::hasColumn() first","$table->dropColumn(['enlem', 'boylam', 'status']);",/Users/macbookpro/Projects/yalihanai/database/migrations/2025_10_19_223750_add_coordinates_to_mahalleler_table.php
14,HIGH,METHOD,2025_10_19_223803_add_coordinates_to_ilceler_table.php,32,"Forbidden method: dropColumn()","Always check column existence with Schema::hasColumn() first",$table->dropColumn('status');,/Users/macbookpro/Projects/yalihanai/database/migrations/2025_10_19_223803_add_coordinates_to_ilceler_table.php
15,HIGH,METHOD,2025_10_19_223815_add_coordinates_to_iller_table.php,32,"Forbidden method: dropColumn()","Always check column existence with Schema::hasColumn() first",$table->dropColumn('status');,/Users/macbookpro/Projects/yalihanai/database/migrations/2025_10_19_223815_add_coordinates_to_iller_table.php
16,HIGH,METHOD,2025_10_19_223916_add_new_category_fields_to_ilanlar_table.php,51,"Forbidden method: dropColumn()","Always check column existence with Schema::hasColumn() first","$table->dropColumn(['ana_kategori_id', 'alt_kategori_id', 'yayin_tipi_id']);",/Users/macbookpro/Projects/yalihanai/database/migrations/2025_10_19_223916_add_new_category_fields_to_ilanlar_table.php
17,HIGH,METHOD,2025_10_19_225326_add_missing_coordinates_to_location_tables.php,62,"Forbidden method: dropColumn()","Always check column existence with Schema::hasColumn() first",$table->dropColumn('country_id');,/Users/macbookpro/Projects/yalihanai/database/migrations/2025_10_19_225326_add_missing_coordinates_to_location_tables.php
18,HIGH,METHOD,2025_10_19_225326_add_missing_coordinates_to_location_tables.php,65,"Forbidden method: dropColumn()","Always check column existence with Schema::hasColumn() first",$table->dropColumn('plaka_kodu');,/Users/macbookpro/Projects/yalihanai/database/migrations/2025_10_19_225326_add_missing_coordinates_to_location_tables.php
19,HIGH,METHOD,2025_10_19_225326_add_missing_coordinates_to_location_tables.php,68,"Forbidden method: dropColumn()","Always check column existence with Schema::hasColumn() first",$table->dropColumn('telefon_kodu');,/Users/macbookpro/Projects/yalihanai/database/migrations/2025_10_19_225326_add_missing_coordinates_to_location_tables.php
20,HIGH,METHOD,2025_10_19_225326_add_missing_coordinates_to_location_tables.php,74,"Forbidden method: dropColumn()","Always check column existence with Schema::hasColumn() first",$table->dropColumn('ilce_kodu');,/Users/macbookpro/Projects/yalihanai/database/migrations/2025_10_19_225326_add_missing_coordinates_to_location_tables.php
21,HIGH,METHOD,2025_10_19_225326_add_missing_coordinates_to_location_tables.php,80,"Forbidden method: dropColumn()","Always check column existence with Schema::hasColumn() first",$table->dropColumn('mahalle_kodu');,/Users/macbookpro/Projects/yalihanai/database/migrations/2025_10_19_225326_add_missing_coordinates_to_location_tables.php
22,HIGH,METHOD,2025_10_22_072529_add_arsa_fields_to_ilanlar_table.php,59,"Forbidden method: dropColumn()","Always check column existence with Schema::hasColumn() first",$table->dropColumn([,/Users/macbookpro/Projects/yalihanai/database/migrations/2025_10_22_072529_add_arsa_fields_to_ilanlar_table.php
23,HIGH,METHOD,2025_10_22_072548_add_yazlik_fields_to_ilanlar_table.php,58,"Forbidden method: dropColumn()","Always check column existence with Schema::hasColumn() first",$table->dropColumn([,/Users/macbookpro/Projects/yalihanai/database/migrations/2025_10_22_072548_add_yazlik_fields_to_ilanlar_table.php
24,HIGH,METHOD,2025_10_22_142744_add_villa_isyeri_fields_to_ilanlar_table.php,36,"Forbidden method: dropColumn()","Always check column existence with Schema::hasColumn() first","$table->dropColumn(['isinma_tipi', 'site_ozellikleri']);",/Users/macbookpro/Projects/yalihanai/database/migrations/2025_10_22_142744_add_villa_isyeri_fields_to_ilanlar_table.php
25,HIGH,METHOD,2025_10_22_142744_add_villa_isyeri_fields_to_ilanlar_table.php,39,"Forbidden method: dropColumn()","Always check column existence with Schema::hasColumn() first",$table->dropColumn([,/Users/macbookpro/Projects/yalihanai/database/migrations/2025_10_22_142744_add_villa_isyeri_fields_to_ilanlar_table.php
26,HIGH,METHOD,2025_10_22_145330_add_para_birimi_to_ilanlar_table.php,25,"Forbidden method: dropColumn()","Always check column existence with Schema::hasColumn() first",$table->dropColumn('para_birimi');,/Users/macbookpro/Projects/yalihanai/database/migrations/2025_10_22_145330_add_para_birimi_to_ilanlar_table.php
27,HIGH,METHOD,2025_10_22_203233_add_tip_column_to_site_apartmanlar_table.php,25,"Forbidden method: dropColumn()","Always check column existence with Schema::hasColumn() first",$table->dropColumn('tip');,/Users/macbookpro/Projects/yalihanai/database/migrations/2025_10_22_203233_add_tip_column_to_site_apartmanlar_table.php
28,HIGH,METHOD,2025_10_23_143000_add_yayin_tipi_details_to_ilan_kategori_yayin_tipleri.php,46,"Forbidden method: dropColumn()","Always check column existence with Schema::hasColumn() first",$table->dropColumn([,/Users/macbookpro/Projects/yalihanai/database/migrations/2025_10_23_143000_add_yayin_tipi_details_to_ilan_kategori_yayin_tipleri.php
29,CRITICAL,NAMING,2025_10_24_155759_fix_ilan_kategorileri_status_field_to_boolean.php,25,"Forbidden field: 'aktif'","Use 'status' instead","DB::statement(""UPDATE ilan_kategorileri SET status = '1' WHERE status IN ('Aktif', '1', 'aktif', 'active', 'Active')"");",/Users/macbookpro/Projects/yalihanai/database/migrations/2025_10_24_155759_fix_ilan_kategorileri_status_field_to_boolean.php
30,CRITICAL,NAMING,2025_10_24_163945_fix_yayin_tipleri_status_field_to_boolean.php,27,"Forbidden field: 'aktif'","Use 'status' instead","DB::statement(""UPDATE ilan_kategori_yayin_tipleri SET status = '1' WHERE status IN ('active', 'Aktif', '1', 'aktif')"");",/Users/macbookpro/Projects/yalihanai/database/migrations/2025_10_24_163945_fix_yayin_tipleri_status_field_to_boolean.php
31,CRITICAL,NAMING,2025_10_25_080242_create_ozellik_kategorileri_table.php,25,"Forbidden field: 'aktif'","Use 'status' instead",$table->boolean('aktif')->default(true);,/Users/macbookpro/Projects/yalihanai/database/migrations/2025_10_25_080242_create_ozellik_kategorileri_table.php
32,CRITICAL,NAMING,2025_10_25_080245_create_ozellik_alt_kategorileri_table.php,25,"Forbidden field: 'aktif'","Use 'status' instead",$table->boolean('aktif')->default(true);,/Users/macbookpro/Projects/yalihanai/database/migrations/2025_10_25_080245_create_ozellik_alt_kategorileri_table.php
33,CRITICAL,NAMING,2025_10_25_080252_create_kategori_ozellik_matrix_table.php,20,"Forbidden field: 'aktif'","Use 'status' instead",$table->boolean('aktif')->default(true);,/Users/macbookpro/Projects/yalihanai/database/migrations/2025_10_25_080252_create_kategori_ozellik_matrix_table.php
34,CRITICAL,NAMING,2025_10_25_092335_create_konut_ozellik_hibrit_siralama_table.php,24,"Forbidden field: 'aktif'","Use 'status' instead",$table->boolean('aktif')->default(true);,/Users/macbookpro/Projects/yalihanai/database/migrations/2025_10_25_092335_create_konut_ozellik_hibrit_siralama_table.php
35,CRITICAL,NAMING,2025_10_25_103504_create_ai_core_system_table.php,22,"Forbidden field: 'is_active'","Use 'status' instead",$table->boolean('is_active')->default(true);,/Users/macbookpro/Projects/yalihanai/database/migrations/2025_10_25_103504_create_ai_core_system_table.php
36,HIGH,NAMING,2025_10_25_160239_create_kategori_yayin_tipi_field_dependencies_table.php,37,"Forbidden field: 'enabled'","Use 'status' instead","$table->boolean('enabled')->default(true)->comment('Field aktif mi?');",/Users/macbookpro/Projects/yalihanai/database/migrations/2025_10_25_160239_create_kategori_yayin_tipi_field_dependencies_table.php
37,HIGH,NAMING,2025_10_25_160239_create_kategori_yayin_tipi_field_dependencies_table.php,57,"Forbidden field: 'enabled'","Use 'status' instead","$table->index('enabled', 'idx_enabled');",/Users/macbookpro/Projects/yalihanai/database/migrations/2025_10_25_160239_create_kategori_yayin_tipi_field_dependencies_table.php
38,HIGH,METHOD,2025_10_26_115934_add_applies_to_to_feature_categories_table.php,27,"Forbidden method: dropColumn()","Always check column existence with Schema::hasColumn() first","$table->dropColumn(['applies_to', 'display_order']);",/Users/macbookpro/Projects/yalihanai/database/migrations/2025_10_26_115934_add_applies_to_to_feature_categories_table.php
39,HIGH,METHOD,2025_10_26_160410_add_applies_to_to_features_table.php,20,"Forbidden method: dropColumn()","Always check column existence with Schema::hasColumn() first","$table->dropColumn(['applies_to', 'display_order']);",/Users/macbookpro/Projects/yalihanai/database/migrations/2025_10_26_160410_add_applies_to_to_features_table.php
40,HIGH,METHOD,2025_10_27_085004_add_etiket_fields_to_etiketler_table.php,35,"Forbidden method: dropColumn()","Always check column existence with Schema::hasColumn() first","$table->dropColumn(['type', 'icon', 'bg_color', 'badge_text', 'is_badge', 'target_url']);",/Users/macbookpro/Projects/yalihanai/database/migrations/2025_10_27_085004_add_etiket_fields_to_etiketler_table.php
41,HIGH,METHOD,2025_10_27_101503_remove_legacy_category_fields_from_ilanlar_table.php,31,"Forbidden method: dropColumn()","Always check column existence with Schema::hasColumn() first",$table->dropColumn('kategori_id');,/Users/macbookpro/Projects/yalihanai/database/migrations/2025_10_27_101503_remove_legacy_category_fields_from_ilanlar_table.php
42,HIGH,METHOD,2025_10_27_101503_remove_legacy_category_fields_from_ilanlar_table.php,35,"Forbidden method: dropColumn()","Always check column existence with Schema::hasColumn() first",$table->dropColumn('parent_kategori_id');,/Users/macbookpro/Projects/yalihanai/database/migrations/2025_10_27_101503_remove_legacy_category_fields_from_ilanlar_table.php
43,HIGH,METHOD,2025_10_27_101503_remove_legacy_category_fields_from_ilanlar_table.php,39,"Forbidden method: dropColumn()","Always check column existence with Schema::hasColumn() first",$table->dropColumn('yayinlama_tipi');,/Users/macbookpro/Projects/yalihanai/database/migrations/2025_10_27_101503_remove_legacy_category_fields_from_ilanlar_table.php
44,HIGH,METHOD,2025_10_27_140207_add_applies_to_to_feature_categories_table.php,42,"Forbidden method: dropColumn()","Always check column existence with Schema::hasColumn() first",$table->dropColumn('applies_to');,/Users/macbookpro/Projects/yalihanai/database/migrations/2025_10_27_140207_add_applies_to_to_feature_categories_table.php
45,HIGH,METHOD,2025_10_27_150000_update_yazlik_details_airbnb_fields.php,48,"Forbidden method: dropColumn()","Always check column existence with Schema::hasColumn() first",$table->dropColumn([,/Users/macbookpro/Projects/yalihanai/database/migrations/2025_10_27_150000_update_yazlik_details_airbnb_fields.php
46,HIGH,METHOD,2025_10_31_000000_add_mahalle_id_to_kisiler_table.php,44,"Forbidden method: dropColumn()","Always check column existence with Schema::hasColumn() first",$table->dropColumn('mahalle_id');,/Users/macbookpro/Projects/yalihanai/database/migrations/2025_10_31_000000_add_mahalle_id_to_kisiler_table.php
47,HIGH,METHOD,2025_10_31_175103_add_address_components_to_ilanlar_table.php,45,"Forbidden method: dropColumn()","Always check column existence with Schema::hasColumn() first",$table->dropColumn([,/Users/macbookpro/Projects/yalihanai/database/migrations/2025_10_31_175103_add_address_components_to_ilanlar_table.php
48,HIGH,METHOD,2025_11_01_220000_add_arsa_extended_fields_to_ilanlar_table.php,65,"Forbidden method: dropColumn()","Always check column existence with Schema::hasColumn() first",$table->dropColumn([,/Users/macbookpro/Projects/yalihanai/database/migrations/2025_11_01_220000_add_arsa_extended_fields_to_ilanlar_table.php
49,HIGH,METHOD,2025_11_01_221500_add_konut_critical_fields_to_ilanlar_table.php,47,"Forbidden method: dropColumn()","Always check column existence with Schema::hasColumn() first",$table->dropColumn([,/Users/macbookpro/Projects/yalihanai/database/migrations/2025_11_01_221500_add_konut_critical_fields_to_ilanlar_table.php
50,HIGH,METHOD,2025_11_03_101305_add_bedroom_layout_to_ilanlar_table.php,39,"Forbidden method: dropColumn()","Always check column existence with Schema::hasColumn() first","$table->dropColumn(['bedroom_layout', 'sleeping_arrangement_notes']);",/Users/macbookpro/Projects/yalihanai/database/migrations/2025_11_03_101305_add_bedroom_layout_to_ilanlar_table.php
51,HIGH,METHOD,2025_11_04_163654_add_latitude_longitude_to_site_apartmanlar_table.php,31,"Forbidden method: dropColumn()","Always check column existence with Schema::hasColumn() first","$table->dropColumn(['latitude', 'longitude']);",/Users/macbookpro/Projects/yalihanai/database/migrations/2025_11_04_163654_add_latitude_longitude_to_site_apartmanlar_table.php
52,HIGH,METHOD,2025_11_05_000001_add_turkiyeapi_fields_to_ilanlar.php,45,"Forbidden method: dropColumn()","Always check column existence with Schema::hasColumn() first",$table->dropColumn([,/Users/macbookpro/Projects/yalihanai/database/migrations/2025_11_05_000001_add_turkiyeapi_fields_to_ilanlar.php
53,CRITICAL,NAMING,2025_11_05_133340_create_dashboard_widgets_table.php,25,"Forbidden field: 'is_active'","Use 'status' instead",$table->boolean('is_active')->default(true);,/Users/macbookpro/Projects/yalihanai/database/migrations/2025_11_05_133340_create_dashboard_widgets_table.php
54,CRITICAL,NAMING,2025_11_05_133340_create_dashboard_widgets_table.php,32,"Forbidden field: 'is_active'","Use 'status' instead","$table->index(['user_id', 'is_active']);",/Users/macbookpro/Projects/yalihanai/database/migrations/2025_11_05_133340_create_dashboard_widgets_table.php
55,HIGH,NAMING,2025_11_06_000001_context7_rename_enabled_to_status.php,22,"Forbidden field: 'enabled'","Use 'status' instead","if (Schema::hasTable($table) && Schema::hasColumn($table, 'enabled') && ! Schema::hasColumn($table, 'status')) {",/Users/macbookpro/Projects/yalihanai/database/migrations/2025_11_06_000001_context7_rename_enabled_to_status.php
56,HIGH,NAMING,2025_11_06_000001_context7_rename_enabled_to_status.php,24,"Forbidden field: 'enabled'","Use 'status' instead","$table->renameColumn('enabled', 'status');",/Users/macbookpro/Projects/yalihanai/database/migrations/2025_11_06_000001_context7_rename_enabled_to_status.php
57,CRITICAL,METHOD,2025_11_06_000001_context7_rename_enabled_to_status.php,24,"Forbidden method: renameColumn()","Use DB::statement() with ALTER TABLE ... CHANGE","$table->renameColumn('enabled', 'status');",/Users/macbookpro/Projects/yalihanai/database/migrations/2025_11_06_000001_context7_rename_enabled_to_status.php
58,HIGH,NAMING,2025_11_06_000001_context7_rename_enabled_to_status.php,41,"Forbidden field: 'enabled'","Use 'status' instead","if (Schema::hasTable($table) && Schema::hasColumn($table, 'status') && ! Schema::hasColumn($table, 'enabled')) {",/Users/macbookpro/Projects/yalihanai/database/migrations/2025_11_06_000001_context7_rename_enabled_to_status.php
59,HIGH,NAMING,2025_11_06_000001_context7_rename_enabled_to_status.php,43,"Forbidden field: 'enabled'","Use 'status' instead","$table->renameColumn('status', 'enabled');",/Users/macbookpro/Projects/yalihanai/database/migrations/2025_11_06_000001_context7_rename_enabled_to_status.php
60,CRITICAL,METHOD,2025_11_06_000001_context7_rename_enabled_to_status.php,43,"Forbidden method: renameColumn()","Use DB::statement() with ALTER TABLE ... CHANGE","$table->renameColumn('status', 'enabled');",/Users/macbookpro/Projects/yalihanai/database/migrations/2025_11_06_000001_context7_rename_enabled_to_status.php
61,HIGH,NAMING,2025_11_06_000003_remove_enabled_from_features_tables.php,19,"Forbidden field: 'enabled'","Use 'status' instead","if (Schema::hasColumn('features', 'enabled')) {",/Users/macbookpro/Projects/yalihanai/database/migrations/2025_11_06_000003_remove_enabled_from_features_tables.php
62,CRITICAL,NAMING,2025_11_06_000003_remove_enabled_from_features_tables.php,24,"Forbidden field: 'order'","Use 'display_order' instead","$afterColumn = Schema::hasColumn('features', 'display_order') ? 'display_order' : 'order';",/Users/macbookpro/Projects/yalihanai/database/migrations/2025_11_06_000003_remove_enabled_from_features_tables.php
63,HIGH,NAMING,2025_11_06_000003_remove_enabled_from_features_tables.php,37,"Forbidden field: 'enabled'","Use 'status' instead",$table->dropColumn('enabled');,/Users/macbookpro/Projects/yalihanai/database/migrations/2025_11_06_000003_remove_enabled_from_features_tables.php
64,HIGH,METHOD,2025_11_06_000003_remove_enabled_from_features_tables.php,37,"Forbidden method: dropColumn()","Always check column existence with Schema::hasColumn() first",$table->dropColumn('enabled');,/Users/macbookpro/Projects/yalihanai/database/migrations/2025_11_06_000003_remove_enabled_from_features_tables.php
65,HIGH,NAMING,2025_11_06_000003_remove_enabled_from_features_tables.php,42,"Forbidden field: 'enabled'","Use 'status' instead","if (Schema::hasColumn('feature_categories', 'enabled')) {",/Users/macbookpro/Projects/yalihanai/database/migrations/2025_11_06_000003_remove_enabled_from_features_tables.php
66,CRITICAL,NAMING,2025_11_06_000003_remove_enabled_from_features_tables.php,47,"Forbidden field: 'order'","Use 'display_order' instead","$afterColumn = Schema::hasColumn('feature_categories', 'display_order') ? 'display_order' : 'order';",/Users/macbookpro/Projects/yalihanai/database/migrations/2025_11_06_000003_remove_enabled_from_features_tables.php
67,HIGH,NAMING,2025_11_06_000003_remove_enabled_from_features_tables.php,60,"Forbidden field: 'enabled'","Use 'status' instead",$table->dropColumn('enabled');,/Users/macbookpro/Projects/yalihanai/database/migrations/2025_11_06_000003_remove_enabled_from_features_tables.php
68,HIGH,METHOD,2025_11_06_000003_remove_enabled_from_features_tables.php,60,"Forbidden method: dropColumn()","Always check column existence with Schema::hasColumn() first",$table->dropColumn('enabled');,/Users/macbookpro/Projects/yalihanai/database/migrations/2025_11_06_000003_remove_enabled_from_features_tables.php
69,HIGH,NAMING,2025_11_06_230000_remove_enabled_field_complete.php,22,"Forbidden field: 'enabled'","Use 'status' instead","if (Schema::hasColumn('features', 'enabled')) {",/Users/macbookpro/Projects/yalihanai/database/migrations/2025_11_06_230000_remove_enabled_field_complete.php
70,HIGH,NAMING,2025_11_06_230000_remove_enabled_field_complete.php,31,"Forbidden field: 'enabled'","Use 'status' instead",$table->dropColumn('enabled');,/Users/macbookpro/Projects/yalihanai/database/migrations/2025_11_06_230000_remove_enabled_field_complete.php
71,HIGH,METHOD,2025_11_06_230000_remove_enabled_field_complete.php,31,"Forbidden method: dropColumn()","Always check column existence with Schema::hasColumn() first",$table->dropColumn('enabled');,/Users/macbookpro/Projects/yalihanai/database/migrations/2025_11_06_230000_remove_enabled_field_complete.php
72,HIGH,NAMING,2025_11_06_230000_remove_enabled_field_complete.php,34,"Forbidden field: 'enabled'","Use 'status' instead","echo ""✅ Removed 'enabled' column from features table\n"";",/Users/macbookpro/Projects/yalihanai/database/migrations/2025_11_06_230000_remove_enabled_field_complete.php
73,HIGH,NAMING,2025_11_06_230000_remove_enabled_field_complete.php,38,"Forbidden field: 'enabled'","Use 'status' instead","if (Schema::hasColumn('feature_categories', 'enabled')) {",/Users/macbookpro/Projects/yalihanai/database/migrations/2025_11_06_230000_remove_enabled_field_complete.php
74,HIGH,NAMING,2025_11_06_230000_remove_enabled_field_complete.php,47,"Forbidden field: 'enabled'","Use 'status' instead",$table->dropColumn('enabled');,/Users/macbookpro/Projects/yalihanai/database/migrations/2025_11_06_230000_remove_enabled_field_complete.php
75,HIGH,METHOD,2025_11_06_230000_remove_enabled_field_complete.php,47,"Forbidden method: dropColumn()","Always check column existence with Schema::hasColumn() first",$table->dropColumn('enabled');,/Users/macbookpro/Projects/yalihanai/database/migrations/2025_11_06_230000_remove_enabled_field_complete.php
76,HIGH,NAMING,2025_11_06_230000_remove_enabled_field_complete.php,50,"Forbidden field: 'enabled'","Use 'status' instead","echo ""✅ Removed 'enabled' column from feature_categories table\n"";",/Users/macbookpro/Projects/yalihanai/database/migrations/2025_11_06_230000_remove_enabled_field_complete.php
77,CRITICAL,NAMING,2025_11_06_230000_remove_enabled_field_complete.php,57,"Forbidden field: 'order'","Use 'display_order' instead","$afterColumn = Schema::hasColumn('features', 'display_order') ? 'display_order' : 'order';",/Users/macbookpro/Projects/yalihanai/database/migrations/2025_11_06_230000_remove_enabled_field_complete.php
78,CRITICAL,NAMING,2025_11_06_230000_remove_enabled_field_complete.php,66,"Forbidden field: 'order'","Use 'display_order' instead","$afterColumn = Schema::hasColumn('feature_categories', 'display_order') ? 'display_order' : 'order';",/Users/macbookpro/Projects/yalihanai/database/migrations/2025_11_06_230000_remove_enabled_field_complete.php
79,HIGH,METHOD,2025_11_06_230200_add_kisi_tipi_field.php,66,"Forbidden method: dropColumn()","Always check column existence with Schema::hasColumn() first",$table->dropColumn('kisi_tipi');,/Users/macbookpro/Projects/yalihanai/database/migrations/2025_11_06_230200_add_kisi_tipi_field.php
80,HIGH,METHOD,2025_11_07_110654_add_danisman_profile_fields_to_users_table.php,117,"Forbidden method: dropColumn()","Always check column existence with Schema::hasColumn() first",$table->dropColumn([,/Users/macbookpro/Projects/yalihanai/database/migrations/2025_11_07_110654_add_danisman_profile_fields_to_users_table.php
81,HIGH,METHOD,2025_11_07_115744_add_position_and_department_to_users_table.php,35,"Forbidden method: dropColumn()","Always check column existence with Schema::hasColumn() first",$table->dropColumn('position');,/Users/macbookpro/Projects/yalihanai/database/migrations/2025_11_07_115744_add_position_and_department_to_users_table.php
82,HIGH,METHOD,2025_11_07_115744_add_position_and_department_to_users_table.php,38,"Forbidden method: dropColumn()","Always check column existence with Schema::hasColumn() first",$table->dropColumn('department');,/Users/macbookpro/Projects/yalihanai/database/migrations/2025_11_07_115744_add_position_and_department_to_users_table.php
83,HIGH,METHOD,2025_11_07_120415_add_status_text_to_users_table.php,31,"Forbidden method: dropColumn()","Always check column existence with Schema::hasColumn() first",$table->dropColumn('status_text');,/Users/macbookpro/Projects/yalihanai/database/migrations/2025_11_07_120415_add_status_text_to_users_table.php
84,HIGH,METHOD,2025_11_08_130028_add_slug_to_ilanlar_table.php,25,"Forbidden method: dropColumn()","Always check column existence with Schema::hasColumn() first",$table->dropColumn('slug');,/Users/macbookpro/Projects/yalihanai/database/migrations/2025_11_08_130028_add_slug_to_ilanlar_table.php
85,HIGH,METHOD,2025_11_08_132145_add_ilan_sahibi_id_to_ilanlar_table.php,103,"Forbidden method: dropColumn()","Always check column existence with Schema::hasColumn() first","$table->dropColumn(['ilan_sahibi_id', 'ilgili_kisi_id']);",/Users/macbookpro/Projects/yalihanai/database/migrations/2025_11_08_132145_add_ilan_sahibi_id_to_ilanlar_table.php
86,CRITICAL,NAMING,2025_11_09_062448_add_status_column_to_takim_uyeleri_table.php,19,"Forbidden field: 'aktif'","Use 'status' instead","$table->string('status', 50)->default('aktif')->after('durum');",/Users/macbookpro/Projects/yalihanai/database/migrations/2025_11_09_062448_add_status_column_to_takim_uyeleri_table.php
87,HIGH,METHOD,2025_11_09_062448_add_status_column_to_takim_uyeleri_table.php,49,"Forbidden method: dropColumn()","Always check column existence with Schema::hasColumn() first",$table->dropColumn('status');,/Users/macbookpro/Projects/yalihanai/database/migrations/2025_11_09_062448_add_status_column_to_takim_uyeleri_table.php
88,CRITICAL,NAMING,2025_11_09_063338_remove_old_status_columns_from_tables.php,19,"Forbidden field: 'is_active'","Use 'status' instead","'blog_categories' => 'is_active',",/Users/macbookpro/Projects/yalihanai/database/migrations/2025_11_09_063338_remove_old_status_columns_from_tables.php
89,CRITICAL,NAMING,2025_11_09_063338_remove_old_status_columns_from_tables.php,20,"Forbidden field: 'is_active'","Use 'status' instead","'blog_tags' => 'is_active',",/Users/macbookpro/Projects/yalihanai/database/migrations/2025_11_09_063338_remove_old_status_columns_from_tables.php
90,CRITICAL,NAMING,2025_11_09_063338_remove_old_status_columns_from_tables.php,21,"Forbidden field: 'aktif'","Use 'status' instead","'eslesmeler' => 'aktif', // Not: eslesmeler'de durum ENUM var, aktif TINYINT var",/Users/macbookpro/Projects/yalihanai/database/migrations/2025_11_09_063338_remove_old_status_columns_from_tables.php
91,CRITICAL,NAMING,2025_11_09_063338_remove_old_status_columns_from_tables.php,22,"Forbidden field: 'aktif'","Use 'status' instead","'etiketler' => 'aktif',",/Users/macbookpro/Projects/yalihanai/database/migrations/2025_11_09_063338_remove_old_status_columns_from_tables.php
92,CRITICAL,NAMING,2025_11_09_063338_remove_old_status_columns_from_tables.php,23,"Forbidden field: 'is_active'","Use 'status' instead","'feature_categories' => 'is_active',",/Users/macbookpro/Projects/yalihanai/database/migrations/2025_11_09_063338_remove_old_status_columns_from_tables.php
93,CRITICAL,NAMING,2025_11_09_063338_remove_old_status_columns_from_tables.php,24,"Forbidden field: 'is_active'","Use 'status' instead","'features' => 'is_active',",/Users/macbookpro/Projects/yalihanai/database/migrations/2025_11_09_063338_remove_old_status_columns_from_tables.php
94,CRITICAL,NAMING,2025_11_09_063338_remove_old_status_columns_from_tables.php,25,"Forbidden field: 'is_active'","Use 'status' instead","'ilan_kategori_yayin_tipleri' => 'is_active',",/Users/macbookpro/Projects/yalihanai/database/migrations/2025_11_09_063338_remove_old_status_columns_from_tables.php
95,CRITICAL,NAMING,2025_11_09_063338_remove_old_status_columns_from_tables.php,26,"Forbidden field: 'is_active'","Use 'status' instead","'ilan_kategorileri' => 'is_active',",/Users/macbookpro/Projects/yalihanai/database/migrations/2025_11_09_063338_remove_old_status_columns_from_tables.php
96,CRITICAL,NAMING,2025_11_09_063338_remove_old_status_columns_from_tables.php,27,"Forbidden field: 'is_active'","Use 'status' instead","'users' => 'is_active',",/Users/macbookpro/Projects/yalihanai/database/migrations/2025_11_09_063338_remove_old_status_columns_from_tables.php
97,CRITICAL,NAMING,2025_11_09_063338_remove_old_status_columns_from_tables.php,30,"Forbidden field: 'is_active'","Use 'status' instead","'ai_knowledge_base' => 'is_active',",/Users/macbookpro/Projects/yalihanai/database/migrations/2025_11_09_063338_remove_old_status_columns_from_tables.php
98,CRITICAL,NAMING,2025_11_09_063338_remove_old_status_columns_from_tables.php,31,"Forbidden field: 'aktif'","Use 'status' instead","'arsa_detaylari' => 'aktif',",/Users/macbookpro/Projects/yalihanai/database/migrations/2025_11_09_063338_remove_old_status_columns_from_tables.php
99,CRITICAL,NAMING,2025_11_09_063338_remove_old_status_columns_from_tables.php,32,"Forbidden field: 'aktif'","Use 'status' instead","'arsa_ozellikleri' => 'aktif',",/Users/macbookpro/Projects/yalihanai/database/migrations/2025_11_09_063338_remove_old_status_columns_from_tables.php
100,CRITICAL,NAMING,2025_11_09_063338_remove_old_status_columns_from_tables.php,33,"Forbidden field: 'is_active'","Use 'status' instead","'categories' => 'is_active',",/Users/macbookpro/Projects/yalihanai/database/migrations/2025_11_09_063338_remove_old_status_columns_from_tables.php
101,CRITICAL,NAMING,2025_11_09_063338_remove_old_status_columns_from_tables.php,34,"Forbidden field: 'is_active'","Use 'status' instead","'commission_rates' => 'is_active',",/Users/macbookpro/Projects/yalihanai/database/migrations/2025_11_09_063338_remove_old_status_columns_from_tables.php
102,CRITICAL,NAMING,2025_11_09_063338_remove_old_status_columns_from_tables.php,35,"Forbidden field: 'is_active'","Use 'status' instead","'exchange_rates' => 'is_active',",/Users/macbookpro/Projects/yalihanai/database/migrations/2025_11_09_063338_remove_old_status_columns_from_tables.php
103,CRITICAL,NAMING,2025_11_09_063338_remove_old_status_columns_from_tables.php,36,"Forbidden field: 'is_active'","Use 'status' instead","'expertise_areas' => 'is_active',",/Users/macbookpro/Projects/yalihanai/database/migrations/2025_11_09_063338_remove_old_status_columns_from_tables.php
104,CRITICAL,NAMING,2025_11_09_063338_remove_old_status_columns_from_tables.php,37,"Forbidden field: 'aktif'","Use 'status' instead","'ilan_dinamik_ozellikler' => 'aktif',",/Users/macbookpro/Projects/yalihanai/database/migrations/2025_11_09_063338_remove_old_status_columns_from_tables.php
105,CRITICAL,NAMING,2025_11_09_063338_remove_old_status_columns_from_tables.php,38,"Forbidden field: 'aktif'","Use 'status' instead","'ilan_takvim_sezonlar' => 'aktif',",/Users/macbookpro/Projects/yalihanai/database/migrations/2025_11_09_063338_remove_old_status_columns_from_tables.php
106,CRITICAL,NAMING,2025_11_09_063338_remove_old_status_columns_from_tables.php,39,"Forbidden field: 'aktif'","Use 'status' instead","'ilceler' => 'aktif',",/Users/macbookpro/Projects/yalihanai/database/migrations/2025_11_09_063338_remove_old_status_columns_from_tables.php
107,CRITICAL,NAMING,2025_11_09_063338_remove_old_status_columns_from_tables.php,40,"Forbidden field: 'aktif'","Use 'status' instead","'isyeri_ozellikleri' => 'aktif',",/Users/macbookpro/Projects/yalihanai/database/migrations/2025_11_09_063338_remove_old_status_columns_from_tables.php
108,CRITICAL,NAMING,2025_11_09_063338_remove_old_status_columns_from_tables.php,41,"Forbidden field: 'aktif'","Use 'status' instead","'konut_ozellikleri' => 'aktif',",/Users/macbookpro/Projects/yalihanai/database/migrations/2025_11_09_063338_remove_old_status_columns_from_tables.php
109,CRITICAL,NAMING,2025_11_09_063338_remove_old_status_columns_from_tables.php,42,"Forbidden field: 'is_active'","Use 'status' instead","'language_settings' => 'is_active',",/Users/macbookpro/Projects/yalihanai/database/migrations/2025_11_09_063338_remove_old_status_columns_from_tables.php
110,CRITICAL,NAMING,2025_11_09_063338_remove_old_status_columns_from_tables.php,44,"Forbidden field: 'is_active'","Use 'status' instead","'nearby_place_categories' => 'is_active',",/Users/macbookpro/Projects/yalihanai/database/migrations/2025_11_09_063338_remove_old_status_columns_from_tables.php
111,CRITICAL,NAMING,2025_11_09_063338_remove_old_status_columns_from_tables.php,45,"Forbidden field: 'aktif'","Use 'status' instead","'ozellik_kategorileri' => 'aktif',",/Users/macbookpro/Projects/yalihanai/database/migrations/2025_11_09_063338_remove_old_status_columns_from_tables.php
112,CRITICAL,NAMING,2025_11_09_063338_remove_old_status_columns_from_tables.php,46,"Forbidden field: 'aktif'","Use 'status' instead","'para_birimleri' => 'aktif',",/Users/macbookpro/Projects/yalihanai/database/migrations/2025_11_09_063338_remove_old_status_columns_from_tables.php
113,CRITICAL,NAMING,2025_11_09_063338_remove_old_status_columns_from_tables.php,47,"Forbidden field: 'is_active'","Use 'status' instead","'people' => 'is_active',",/Users/macbookpro/Projects/yalihanai/database/migrations/2025_11_09_063338_remove_old_status_columns_from_tables.php
114,CRITICAL,NAMING,2025_11_09_063338_remove_old_status_columns_from_tables.php,48,"Forbidden field: 'is_active'","Use 'status' instead","'property_types' => 'is_active',",/Users/macbookpro/Projects/yalihanai/database/migrations/2025_11_09_063338_remove_old_status_columns_from_tables.php
115,CRITICAL,NAMING,2025_11_09_063338_remove_old_status_columns_from_tables.php,50,"Forbidden field: 'is_active'","Use 'status' instead","'site_settings' => 'is_active',",/Users/macbookpro/Projects/yalihanai/database/migrations/2025_11_09_063338_remove_old_status_columns_from_tables.php
116,CRITICAL,NAMING,2025_11_09_063338_remove_old_status_columns_from_tables.php,51,"Forbidden field: 'is_active'","Use 'status' instead","'tax_rates' => 'is_active',",/Users/macbookpro/Projects/yalihanai/database/migrations/2025_11_09_063338_remove_old_status_columns_from_tables.php
117,CRITICAL,NAMING,2025_11_09_063338_remove_old_status_columns_from_tables.php,52,"Forbidden field: 'aktif'","Use 'status' instead","'turistik_ozellikleri' => 'aktif',",/Users/macbookpro/Projects/yalihanai/database/migrations/2025_11_09_063338_remove_old_status_columns_from_tables.php
118,CRITICAL,NAMING,2025_11_09_063338_remove_old_status_columns_from_tables.php,53,"Forbidden field: 'aktif'","Use 'status' instead","'yazlik_fiyatlandirma' => 'aktif',",/Users/macbookpro/Projects/yalihanai/database/migrations/2025_11_09_063338_remove_old_status_columns_from_tables.php
119,HIGH,METHOD,2025_11_09_063338_remove_old_status_columns_from_tables.php,106,"Forbidden method: dropColumn()","Always check column existence with Schema::hasColumn() first",$table->dropColumn($oldColumn);,/Users/macbookpro/Projects/yalihanai/database/migrations/2025_11_09_063338_remove_old_status_columns_from_tables.php
120,CRITICAL,NAMING,2025_11_09_063338_remove_old_status_columns_from_tables.php,118,"Forbidden field: 'is_active'","Use 'status' instead","'blog_categories' => ['is_active' => 'tinyint'],",/Users/macbookpro/Projects/yalihanai/database/migrations/2025_11_09_063338_remove_old_status_columns_from_tables.php
121,CRITICAL,NAMING,2025_11_09_063338_remove_old_status_columns_from_tables.php,119,"Forbidden field: 'is_active'","Use 'status' instead","'blog_tags' => ['is_active' => 'tinyint'],",/Users/macbookpro/Projects/yalihanai/database/migrations/2025_11_09_063338_remove_old_status_columns_from_tables.php
122,CRITICAL,NAMING,2025_11_09_063338_remove_old_status_columns_from_tables.php,120,"Forbidden field: 'aktif'","Use 'status' instead","'eslesmeler' => ['aktif' => 'tinyint'],",/Users/macbookpro/Projects/yalihanai/database/migrations/2025_11_09_063338_remove_old_status_columns_from_tables.php
123,CRITICAL,NAMING,2025_11_09_063338_remove_old_status_columns_from_tables.php,121,"Forbidden field: 'aktif'","Use 'status' instead","'etiketler' => ['aktif' => 'tinyint'],",/Users/macbookpro/Projects/yalihanai/database/migrations/2025_11_09_063338_remove_old_status_columns_from_tables.php
124,CRITICAL,NAMING,2025_11_09_063338_remove_old_status_columns_from_tables.php,122,"Forbidden field: 'is_active'","Use 'status' instead","'feature_categories' => ['is_active' => 'tinyint'],",/Users/macbookpro/Projects/yalihanai/database/migrations/2025_11_09_063338_remove_old_status_columns_from_tables.php
125,CRITICAL,NAMING,2025_11_09_063338_remove_old_status_columns_from_tables.php,123,"Forbidden field: 'is_active'","Use 'status' instead","'features' => ['is_active' => 'tinyint'],",/Users/macbookpro/Projects/yalihanai/database/migrations/2025_11_09_063338_remove_old_status_columns_from_tables.php
126,CRITICAL,NAMING,2025_11_09_063338_remove_old_status_columns_from_tables.php,124,"Forbidden field: 'is_active'","Use 'status' instead","'ilan_kategori_yayin_tipleri' => ['is_active' => 'tinyint'],",/Users/macbookpro/Projects/yalihanai/database/migrations/2025_11_09_063338_remove_old_status_columns_from_tables.php
127,CRITICAL,NAMING,2025_11_09_063338_remove_old_status_columns_from_tables.php,125,"Forbidden field: 'is_active'","Use 'status' instead","'ilan_kategorileri' => ['is_active' => 'tinyint'],",/Users/macbookpro/Projects/yalihanai/database/migrations/2025_11_09_063338_remove_old_status_columns_from_tables.php
128,CRITICAL,NAMING,2025_11_09_063338_remove_old_status_columns_from_tables.php,126,"Forbidden field: 'is_active'","Use 'status' instead","'users' => ['is_active' => 'tinyint'],",/Users/macbookpro/Projects/yalihanai/database/migrations/2025_11_09_063338_remove_old_status_columns_from_tables.php
129,HIGH,METHOD,2025_11_09_065813_add_missing_danisman_fields_to_users_table.php,75,"Forbidden method: dropColumn()","Always check column existence with Schema::hasColumn() first",$table->dropColumn($column);,/Users/macbookpro/Projects/yalihanai/database/migrations/2025_11_09_065813_add_missing_danisman_fields_to_users_table.php
130,CRITICAL,NAMING,2025_11_09_070721_rename_order_to_display_order_in_tables.php,33,"Forbidden field: 'order'","Use 'display_order' instead","$hasOrder = Schema::hasColumn($tableName, 'order');",/Users/macbookpro/Projects/yalihanai/database/migrations/2025_11_09_070721_rename_order_to_display_order_in_tables.php
131,CRITICAL,NAMING,2025_11_09_070721_rename_order_to_display_order_in_tables.php,38,"Forbidden field: 'order'","Use 'display_order' instead","$this->dropIndexesForColumn($tableName, 'order');",/Users/macbookpro/Projects/yalihanai/database/migrations/2025_11_09_070721_rename_order_to_display_order_in_tables.php
132,CRITICAL,NAMING,2025_11_09_070721_rename_order_to_display_order_in_tables.php,41,"Forbidden field: 'order'","Use 'display_order' instead","$columnInfo = DB::select(""SHOW COLUMNS FROM `{$tableName}` WHERE Field = 'order'"");",/Users/macbookpro/Projects/yalihanai/database/migrations/2025_11_09_070721_rename_order_to_display_order_in_tables.php
133,CRITICAL,NAMING,2025_11_09_070721_rename_order_to_display_order_in_tables.php,69,"Forbidden field: 'order'","Use 'display_order' instead","$this->dropIndexesForColumn($tableName, 'order');",/Users/macbookpro/Projects/yalihanai/database/migrations/2025_11_09_070721_rename_order_to_display_order_in_tables.php
134,CRITICAL,NAMING,2025_11_09_070721_rename_order_to_display_order_in_tables.php,72,"Forbidden field: 'order'","Use 'display_order' instead",$table->dropColumn('order');,/Users/macbookpro/Projects/yalihanai/database/migrations/2025_11_09_070721_rename_order_to_display_order_in_tables.php
135,HIGH,METHOD,2025_11_09_070721_rename_order_to_display_order_in_tables.php,72,"Forbidden method: dropColumn()","Always check column existence with Schema::hasColumn() first",$table->dropColumn('order');,/Users/macbookpro/Projects/yalihanai/database/migrations/2025_11_09_070721_rename_order_to_display_order_in_tables.php
136,CRITICAL,NAMING,2025_11_09_070721_rename_order_to_display_order_in_tables.php,97,"Forbidden field: 'order'","Use 'display_order' instead","$hasOrder = Schema::hasColumn($tableName, 'order');",/Users/macbookpro/Projects/yalihanai/database/migrations/2025_11_09_070721_rename_order_to_display_order_in_tables.php
137,CRITICAL,NAMING,2025_11_09_070721_rename_order_to_display_order_in_tables.php,121,"Forbidden field: 'order'","Use 'display_order' instead","$table->index('order', ""idx_{$tableName}_order"");",/Users/macbookpro/Projects/yalihanai/database/migrations/2025_11_09_070721_rename_order_to_display_order_in_tables.php
138,HIGH,METHOD,2025_11_09_095517_add_skor_column_to_eslesmeler_table_if_missing.php,40,"Forbidden method: dropColumn()","Always check column existence with Schema::hasColumn() first",$table->dropColumn('skor');,/Users/macbookpro/Projects/yalihanai/database/migrations/2025_11_09_095517_add_skor_column_to_eslesmeler_table_if_missing.php
139,CRITICAL,NAMING,2025_11_09_122119_rename_order_to_display_order_in_alt_kategori_yayin_tipi_table.php,27,"Forbidden field: 'order'","Use 'display_order' instead","$hasOrder = Schema::hasColumn($tableName, 'order');",/Users/macbookpro/Projects/yalihanai/database/migrations/2025_11_09_122119_rename_order_to_display_order_in_alt_kategori_yayin_tipi_table.php
140,CRITICAL,NAMING,2025_11_09_122119_rename_order_to_display_order_in_alt_kategori_yayin_tipi_table.php,32,"Forbidden field: 'order'","Use 'display_order' instead","$this->dropIndexesForColumn($tableName, 'order');",/Users/macbookpro/Projects/yalihanai/database/migrations/2025_11_09_122119_rename_order_to_display_order_in_alt_kategori_yayin_tipi_table.php
141,CRITICAL,NAMING,2025_11_09_122119_rename_order_to_display_order_in_alt_kategori_yayin_tipi_table.php,35,"Forbidden field: 'order'","Use 'display_order' instead","$columnInfo = DB::select(""SHOW COLUMNS FROM `{$tableName}` WHERE Field = 'order'"");",/Users/macbookpro/Projects/yalihanai/database/migrations/2025_11_09_122119_rename_order_to_display_order_in_alt_kategori_yayin_tipi_table.php
142,CRITICAL,NAMING,2025_11_09_122119_rename_order_to_display_order_in_alt_kategori_yayin_tipi_table.php,63,"Forbidden field: 'order'","Use 'display_order' instead","$this->dropIndexesForColumn($tableName, 'order');",/Users/macbookpro/Projects/yalihanai/database/migrations/2025_11_09_122119_rename_order_to_display_order_in_alt_kategori_yayin_tipi_table.php
143,CRITICAL,NAMING,2025_11_09_122119_rename_order_to_display_order_in_alt_kategori_yayin_tipi_table.php,66,"Forbidden field: 'order'","Use 'display_order' instead",$table->dropColumn('order');,/Users/macbookpro/Projects/yalihanai/database/migrations/2025_11_09_122119_rename_order_to_display_order_in_alt_kategori_yayin_tipi_table.php
144,HIGH,METHOD,2025_11_09_122119_rename_order_to_display_order_in_alt_kategori_yayin_tipi_table.php,66,"Forbidden method: dropColumn()","Always check column existence with Schema::hasColumn() first",$table->dropColumn('order');,/Users/macbookpro/Projects/yalihanai/database/migrations/2025_11_09_122119_rename_order_to_display_order_in_alt_kategori_yayin_tipi_table.php
145,CRITICAL,NAMING,2025_11_09_122119_rename_order_to_display_order_in_alt_kategori_yayin_tipi_table.php,85,"Forbidden field: 'order'","Use 'display_order' instead","$hasOrder = Schema::hasColumn($tableName, 'order');",/Users/macbookpro/Projects/yalihanai/database/migrations/2025_11_09_122119_rename_order_to_display_order_in_alt_kategori_yayin_tipi_table.php
146,CRITICAL,NAMING,2025_11_09_122119_rename_order_to_display_order_in_alt_kategori_yayin_tipi_table.php,109,"Forbidden field: 'order'","Use 'display_order' instead","$table->index('order', ""idx_{$tableName}_order"");",/Users/macbookpro/Projects/yalihanai/database/migrations/2025_11_09_122119_rename_order_to_display_order_in_alt_kategori_yayin_tipi_table.php
147,CRITICAL,NAMING,2025_11_11_103353_rename_aktif_to_status_in_multiple_tables.php,36,"Forbidden field: 'aktif'","Use 'status' instead","$hasAktif = Schema::hasColumn($tableName, 'aktif');",/Users/macbookpro/Projects/yalihanai/database/migrations/2025_11_11_103353_rename_aktif_to_status_in_multiple_tables.php
148,CRITICAL,NAMING,2025_11_11_103353_rename_aktif_to_status_in_multiple_tables.php,41,"Forbidden field: 'aktif'","Use 'status' instead","$this->dropIndexesForColumn($tableName, 'aktif');",/Users/macbookpro/Projects/yalihanai/database/migrations/2025_11_11_103353_rename_aktif_to_status_in_multiple_tables.php
149,CRITICAL,NAMING,2025_11_11_103353_rename_aktif_to_status_in_multiple_tables.php,44,"Forbidden field: 'aktif'","Use 'status' instead","$columnInfo = DB::select(""SHOW COLUMNS FROM `{$tableName}` WHERE Field = 'aktif'"");",/Users/macbookpro/Projects/yalihanai/database/migrations/2025_11_11_103353_rename_aktif_to_status_in_multiple_tables.php
150,CRITICAL,NAMING,2025_11_11_103353_rename_aktif_to_status_in_multiple_tables.php,116,"Forbidden field: 'aktif'","Use 'status' instead","$table->index('aktif', ""idx_{$tableName}_aktif"");",/Users/macbookpro/Projects/yalihanai/database/migrations/2025_11_11_103353_rename_aktif_to_status_in_multiple_tables.php
151,CRITICAL,NAMING,2025_11_11_103353_rename_order_to_display_order_in_multiple_tables.php,38,"Forbidden field: 'order'","Use 'display_order' instead","$hasOrder = Schema::hasColumn($tableName, 'order');",/Users/macbookpro/Projects/yalihanai/database/migrations/2025_11_11_103353_rename_order_to_display_order_in_multiple_tables.php
152,CRITICAL,NAMING,2025_11_11_103353_rename_order_to_display_order_in_multiple_tables.php,43,"Forbidden field: 'order'","Use 'display_order' instead","$this->dropIndexesForColumn($tableName, 'order');",/Users/macbookpro/Projects/yalihanai/database/migrations/2025_11_11_103353_rename_order_to_display_order_in_multiple_tables.php
153,CRITICAL,NAMING,2025_11_11_103353_rename_order_to_display_order_in_multiple_tables.php,46,"Forbidden field: 'order'","Use 'display_order' instead","$columnInfo = DB::select(""SHOW COLUMNS FROM `{$tableName}` WHERE Field = 'order'"");",/Users/macbookpro/Projects/yalihanai/database/migrations/2025_11_11_103353_rename_order_to_display_order_in_multiple_tables.php
154,CRITICAL,NAMING,2025_11_11_103353_rename_order_to_display_order_in_multiple_tables.php,119,"Forbidden field: 'order'","Use 'display_order' instead","$table->index('order', ""idx_{$tableName}_order"");",/Users/macbookpro/Projects/yalihanai/database/migrations/2025_11_11_103353_rename_order_to_display_order_in_multiple_tables.php
155,HIGH,NAMING,2025_11_11_103354_rename_enabled_to_status_in_multiple_tables.php,34,"Forbidden field: 'enabled'","Use 'status' instead","$hasEnabled = Schema::hasColumn($tableName, 'enabled');",/Users/macbookpro/Projects/yalihanai/database/migrations/2025_11_11_103354_rename_enabled_to_status_in_multiple_tables.php
156,HIGH,NAMING,2025_11_11_103354_rename_enabled_to_status_in_multiple_tables.php,39,"Forbidden field: 'enabled'","Use 'status' instead","$this->dropIndexesForColumn($tableName, 'enabled');",/Users/macbookpro/Projects/yalihanai/database/migrations/2025_11_11_103354_rename_enabled_to_status_in_multiple_tables.php
157,HIGH,NAMING,2025_11_11_103354_rename_enabled_to_status_in_multiple_tables.php,42,"Forbidden field: 'enabled'","Use 'status' instead","$columnInfo = DB::select(""SHOW COLUMNS FROM `{$tableName}` WHERE Field = 'enabled'"");",/Users/macbookpro/Projects/yalihanai/database/migrations/2025_11_11_103354_rename_enabled_to_status_in_multiple_tables.php
158,HIGH,NAMING,2025_11_11_103354_rename_enabled_to_status_in_multiple_tables.php,113,"Forbidden field: 'enabled'","Use 'status' instead","$table->index('enabled', ""idx_{$tableName}_enabled"");",/Users/macbookpro/Projects/yalihanai/database/migrations/2025_11_11_103354_rename_enabled_to_status_in_multiple_tables.php
159,CRITICAL,NAMING,2025_11_11_103355_rename_is_active_to_status_in_ai_core_system.php,29,"Forbidden field: 'is_active'","Use 'status' instead","$hasIsActive = Schema::hasColumn($tableName, 'is_active');",/Users/macbookpro/Projects/yalihanai/database/migrations/2025_11_11_103355_rename_is_active_to_status_in_ai_core_system.php
160,CRITICAL,NAMING,2025_11_11_103355_rename_is_active_to_status_in_ai_core_system.php,34,"Forbidden field: 'is_active'","Use 'status' instead","$this->dropIndexesForColumn($tableName, 'is_active');",/Users/macbookpro/Projects/yalihanai/database/migrations/2025_11_11_103355_rename_is_active_to_status_in_ai_core_system.php
161,CRITICAL,NAMING,2025_11_11_103355_rename_is_active_to_status_in_ai_core_system.php,37,"Forbidden field: 'is_active'","Use 'status' instead","$columnInfo = DB::select(""SHOW COLUMNS FROM `{$tableName}` WHERE Field = 'is_active'"");",/Users/macbookpro/Projects/yalihanai/database/migrations/2025_11_11_103355_rename_is_active_to_status_in_ai_core_system.php
162,CRITICAL,NAMING,2025_11_11_103355_rename_is_active_to_status_in_ai_core_system.php,103,"Forbidden field: 'is_active'","Use 'status' instead","$table->index('is_active', ""idx_{$tableName}_is_active"");",/Users/macbookpro/Projects/yalihanai/database/migrations/2025_11_11_103355_rename_is_active_to_status_in_ai_core_system.php
163,HIGH,METHOD,2025_11_15_150500_add_owner_private_encrypted_to_ilanlar_table.php,22,"Forbidden method: dropColumn()","Always check column existence with Schema::hasColumn() first",$table->dropColumn('owner_private_encrypted');,/Users/macbookpro/Projects/yalihanai/database/migrations/2025_11_15_150500_add_owner_private_encrypted_to_ilanlar_table.php
164,HIGH,METHOD,2025_11_16_093000_add_ulke_and_citizenship_columns_to_ilanlar.php,44,"Forbidden method: dropColumn()","Always check column existence with Schema::hasColumn() first",$table->dropColumn('citizenship_eligible');,/Users/macbookpro/Projects/yalihanai/database/migrations/2025_11_16_093000_add_ulke_and_citizenship_columns_to_ilanlar.php
165,HIGH,METHOD,2025_11_16_093000_add_ulke_and_citizenship_columns_to_ilanlar.php,51,"Forbidden method: dropColumn()","Always check column existence with Schema::hasColumn() first",$table->dropColumn('ulke_id');,/Users/macbookpro/Projects/yalihanai/database/migrations/2025_11_16_093000_add_ulke_and_citizenship_columns_to_ilanlar.php
166,HIGH,METHOD,2025_11_16_120500_add_tc_kimlik_encrypted_to_kisiler_table.php,22,"Forbidden method: dropColumn()","Always check column existence with Schema::hasColumn() first",$table->dropColumn('tc_kimlik_encrypted');,/Users/macbookpro/Projects/yalihanai/database/migrations/2025_11_16_120500_add_tc_kimlik_encrypted_to_kisiler_table.php
167,HIGH,METHOD,2025_11_17_120300_add_fields_to_talepler_table.php,31,"Forbidden method: dropColumn()","Always check column existence with Schema::hasColumn() first",$table->dropColumn('baslik');,/Users/macbookpro/Projects/yalihanai/database/migrations/2025_11_17_120300_add_fields_to_talepler_table.php
168,HIGH,METHOD,2025_11_17_120300_add_fields_to_talepler_table.php,34,"Forbidden method: dropColumn()","Always check column existence with Schema::hasColumn() first",$table->dropColumn('aciklama');,/Users/macbookpro/Projects/yalihanai/database/migrations/2025_11_17_120300_add_fields_to_talepler_table.php
169,HIGH,METHOD,2025_11_17_120300_add_fields_to_talepler_table.php,37,"Forbidden method: dropColumn()","Always check column existence with Schema::hasColumn() first",$table->dropColumn('status');,/Users/macbookpro/Projects/yalihanai/database/migrations/2025_11_17_120300_add_fields_to_talepler_table.php
170,HIGH,METHOD,2025_11_17_120400_add_kisi_notlari_to_kisiler_table.php,22,"Forbidden method: dropColumn()","Always check column existence with Schema::hasColumn() first",$table->dropColumn('kisi_notlari');,/Users/macbookpro/Projects/yalihanai/database/migrations/2025_11_17_120400_add_kisi_notlari_to_kisiler_table.php
171,HIGH,METHOD,2025_11_17_120500_add_description_to_roles_table.php,22,"Forbidden method: dropColumn()","Always check column existence with Schema::hasColumn() first",$table->dropColumn('description');,/Users/macbookpro/Projects/yalihanai/database/migrations/2025_11_17_120500_add_description_to_roles_table.php
172,HIGH,METHOD,2025_11_17_120800_add_talep_id_to_ilanlar_table.php,22,"Forbidden method: dropColumn()","Always check column existence with Schema::hasColumn() first",$table->dropColumn('talep_id');,/Users/macbookpro/Projects/yalihanai/database/migrations/2025_11_17_120800_add_talep_id_to_ilanlar_table.php
173,HIGH,METHOD,2025_11_19_144200_rename_durum_to_status_in_yazlik_doluluk_durumlari.php,40,"Forbidden method: dropColumn()","Always check column existence with Schema::hasColumn() first",$table->dropColumn('durum');,/Users/macbookpro/Projects/yalihanai/database/migrations/2025_11_19_144200_rename_durum_to_status_in_yazlik_doluluk_durumlari.php
174,HIGH,METHOD,2025_11_19_144200_rename_durum_to_status_in_yazlik_doluluk_durumlari.php,92,"Forbidden method: dropColumn()","Always check column existence with Schema::hasColumn() first",$table->dropColumn('status');,/Users/macbookpro/Projects/yalihanai/database/migrations/2025_11_19_144200_rename_durum_to_status_in_yazlik_doluluk_durumlari.php
175,HIGH,METHOD,2025_11_19_150001_add_crm_only_to_ilanlar_table.php,32,"Forbidden method: dropColumn()","Always check column existence with Schema::hasColumn() first",$table->dropColumn('crm_only');,/Users/macbookpro/Projects/yalihanai/database/migrations/2025_11_19_150001_add_crm_only_to_ilanlar_table.php
176,HIGH,METHOD,2025_11_20_145127_create_ai_land_plot_analyses_table.php,53,"Forbidden method: dropColumn()","Always check column existence with Schema::hasColumn() first",$table->dropColumn('display_order');,/Users/macbookpro/Projects/yalihanai/database/migrations/2025_11_20_145127_create_ai_land_plot_analyses_table.php
177,HIGH,METHOD,2025_11_20_145127_create_ai_land_plot_analyses_table.php,56,"Forbidden method: dropColumn()","Always check column existence with Schema::hasColumn() first",$table->dropColumn('status');,/Users/macbookpro/Projects/yalihanai/database/migrations/2025_11_20_145127_create_ai_land_plot_analyses_table.php
178,CRITICAL,NAMING,2025_11_22_152324_convert_status_to_boolean_in_ilan_kategorileri_table.php,53,"Forbidden field: 'aktif'","Use 'status' instead","WHERE status IN ('Aktif', 'aktif', 'active', 'Active', '1', 1)",/Users/macbookpro/Projects/yalihanai/database/migrations/2025_11_22_152324_convert_status_to_boolean_in_ilan_kategorileri_table.php
179,CRITICAL,NAMING,2025_11_22_152526_fix_all_status_columns_to_boolean_global_fix.php,103,"Forbidden field: 'aktif'","Use 'status' instead","WHERE status IN ('Aktif', 'aktif', 'active', 'Active', '1', 1)",/Users/macbookpro/Projects/yalihanai/database/migrations/2025_11_22_152526_fix_all_status_columns_to_boolean_global_fix.php
180,HIGH,METHOD,2025_11_23_120000_add_ical_url_to_ilan_takvim_sync_table.php,25,"Forbidden method: dropColumn()","Always check column existence with Schema::hasColumn() first",$table->dropColumn('ical_url');,/Users/macbookpro/Projects/yalihanai/database/migrations/2025_11_23_120000_add_ical_url_to_ilan_takvim_sync_table.php
181,HIGH,METHOD,2025_11_24_202215_add_talep_reform_fields_to_talepler_table.php,63,"Forbidden method: dropColumn()","Always check column existence with Schema::hasColumn() first",$table->dropColumn('aranan_ozellikler_json');,/Users/macbookpro/Projects/yalihanai/database/migrations/2025_11_24_202215_add_talep_reform_fields_to_talepler_table.php
182,HIGH,METHOD,2025_11_24_202215_add_talep_reform_fields_to_talepler_table.php,66,"Forbidden method: dropColumn()","Always check column existence with Schema::hasColumn() first",$table->dropColumn('min_metrekare');,/Users/macbookpro/Projects/yalihanai/database/migrations/2025_11_24_202215_add_talep_reform_fields_to_talepler_table.php
183,HIGH,METHOD,2025_11_24_202215_add_talep_reform_fields_to_talepler_table.php,69,"Forbidden method: dropColumn()","Always check column existence with Schema::hasColumn() first",$table->dropColumn('max_metrekare');,/Users/macbookpro/Projects/yalihanai/database/migrations/2025_11_24_202215_add_talep_reform_fields_to_talepler_table.php
184,HIGH,METHOD,2025_11_24_202215_add_talep_reform_fields_to_talepler_table.php,72,"Forbidden method: dropColumn()","Always check column existence with Schema::hasColumn() first",$table->dropColumn('metadata');,/Users/macbookpro/Projects/yalihanai/database/migrations/2025_11_24_202215_add_talep_reform_fields_to_talepler_table.php
185,HIGH,METHOD,2025_11_24_215950_add_ai_scoring_fields_to_kisiler_table.php,73,"Forbidden method: dropColumn()","Always check column existence with Schema::hasColumn() first",$table->dropColumn([,/Users/macbookpro/Projects/yalihanai/database/migrations/2025_11_24_215950_add_ai_scoring_fields_to_kisiler_table.php
186,HIGH,NAMING,2025_11_25_052528_fix_enabled_field_in_kategori_yayin_tipi_field_dependencies_table.php,33,"Forbidden field: 'enabled'","Use 'status' instead","if (Schema::hasColumn('kategori_yayin_tipi_field_dependencies', 'enabled')) {",/Users/macbookpro/Projects/yalihanai/database/migrations/2025_11_25_052528_fix_enabled_field_in_kategori_yayin_tipi_field_dependencies_table.php
187,HIGH,NAMING,2025_11_25_052528_fix_enabled_field_in_kategori_yayin_tipi_field_dependencies_table.php,51,"Forbidden field: 'enabled'","Use 'status' instead",$table->dropColumn('enabled');,/Users/macbookpro/Projects/yalihanai/database/migrations/2025_11_25_052528_fix_enabled_field_in_kategori_yayin_tipi_field_dependencies_table.php
188,HIGH,METHOD,2025_11_25_052528_fix_enabled_field_in_kategori_yayin_tipi_field_dependencies_table.php,51,"Forbidden method: dropColumn()","Always check column existence with Schema::hasColumn() first",$table->dropColumn('enabled');,/Users/macbookpro/Projects/yalihanai/database/migrations/2025_11_25_052528_fix_enabled_field_in_kategori_yayin_tipi_field_dependencies_table.php
189,HIGH,METHOD,2025_11_25_052528_fix_enabled_field_in_kategori_yayin_tipi_field_dependencies_table.php,86,"Forbidden method: dropColumn()","Always check column existence with Schema::hasColumn() first",$table->dropColumn('status');,/Users/macbookpro/Projects/yalihanai/database/migrations/2025_11_25_052528_fix_enabled_field_in_kategori_yayin_tipi_field_dependencies_table.php
190,HIGH,METHOD,2025_11_25_052644_fix_sync_enabled_field_in_ilan_takvim_sync_table.php,40,"Forbidden method: dropColumn()","Always check column existence with Schema::hasColumn() first",$table->dropColumn('sync_enabled');,/Users/macbookpro/Projects/yalihanai/database/migrations/2025_11_25_052644_fix_sync_enabled_field_in_ilan_takvim_sync_table.php
191,CRITICAL,METHOD,2025_11_25_052644_fix_sync_enabled_field_in_ilan_takvim_sync_table.php,43,"Forbidden method: renameColumn()","Use DB::statement() with ALTER TABLE ... CHANGE","$table->renameColumn('sync_status_field', 'sync_status');",/Users/macbookpro/Projects/yalihanai/database/migrations/2025_11_25_052644_fix_sync_enabled_field_in_ilan_takvim_sync_table.php
192,HIGH,METHOD,2025_11_25_052644_fix_sync_enabled_field_in_ilan_takvim_sync_table.php,73,"Forbidden method: dropColumn()","Always check column existence with Schema::hasColumn() first",$table->dropColumn('sync_status');,/Users/macbookpro/Projects/yalihanai/database/migrations/2025_11_25_052644_fix_sync_enabled_field_in_ilan_takvim_sync_table.php
193,HIGH,METHOD,2025_11_25_112256_add_ai_feedback_fields_to_ai_logs_table.php,86,"Forbidden method: dropColumn()","Always check column existence with Schema::hasColumn() first",$table->dropColumn('feedback_at');,/Users/macbookpro/Projects/yalihanai/database/migrations/2025_11_25_112256_add_ai_feedback_fields_to_ai_logs_table.php
194,HIGH,METHOD,2025_11_25_112256_add_ai_feedback_fields_to_ai_logs_table.php,89,"Forbidden method: dropColumn()","Always check column existence with Schema::hasColumn() first",$table->dropColumn('feedback_reason');,/Users/macbookpro/Projects/yalihanai/database/migrations/2025_11_25_112256_add_ai_feedback_fields_to_ai_logs_table.php
195,HIGH,METHOD,2025_11_25_112256_add_ai_feedback_fields_to_ai_logs_table.php,92,"Forbidden method: dropColumn()","Always check column existence with Schema::hasColumn() first",$table->dropColumn('feedback_type');,/Users/macbookpro/Projects/yalihanai/database/migrations/2025_11_25_112256_add_ai_feedback_fields_to_ai_logs_table.php
196,HIGH,METHOD,2025_11_25_112256_add_ai_feedback_fields_to_ai_logs_table.php,95,"Forbidden method: dropColumn()","Always check column existence with Schema::hasColumn() first",$table->dropColumn('user_rating');,/Users/macbookpro/Projects/yalihanai/database/migrations/2025_11_25_112256_add_ai_feedback_fields_to_ai_logs_table.php
197,HIGH,METHOD,2025_11_25_115537_add_split_commission_fields_to_satislar_and_komisyonlar_tables.php,166,"Forbidden method: dropColumn()","Always check column existence with Schema::hasColumn() first",$table->dropColumn('satici_danisman_id');,/Users/macbookpro/Projects/yalihanai/database/migrations/2025_11_25_115537_add_split_commission_fields_to_satislar_and_komisyonlar_tables.php
198,HIGH,METHOD,2025_11_25_115537_add_split_commission_fields_to_satislar_and_komisyonlar_tables.php,169,"Forbidden method: dropColumn()","Always check column existence with Schema::hasColumn() first",$table->dropColumn('alici_danisman_id');,/Users/macbookpro/Projects/yalihanai/database/migrations/2025_11_25_115537_add_split_commission_fields_to_satislar_and_komisyonlar_tables.php
199,HIGH,METHOD,2025_11_25_115537_add_split_commission_fields_to_satislar_and_komisyonlar_tables.php,172,"Forbidden method: dropColumn()","Always check column existence with Schema::hasColumn() first",$table->dropColumn('satici_komisyon_orani');,/Users/macbookpro/Projects/yalihanai/database/migrations/2025_11_25_115537_add_split_commission_fields_to_satislar_and_komisyonlar_tables.php
200,HIGH,METHOD,2025_11_25_115537_add_split_commission_fields_to_satislar_and_komisyonlar_tables.php,175,"Forbidden method: dropColumn()","Always check column existence with Schema::hasColumn() first",$table->dropColumn('alici_komisyon_orani');,/Users/macbookpro/Projects/yalihanai/database/migrations/2025_11_25_115537_add_split_commission_fields_to_satislar_and_komisyonlar_tables.php
201,HIGH,METHOD,2025_11_25_115537_add_split_commission_fields_to_satislar_and_komisyonlar_tables.php,178,"Forbidden method: dropColumn()","Always check column existence with Schema::hasColumn() first",$table->dropColumn('satici_komisyon_tutari');,/Users/macbookpro/Projects/yalihanai/database/migrations/2025_11_25_115537_add_split_commission_fields_to_satislar_and_komisyonlar_tables.php
202,HIGH,METHOD,2025_11_25_115537_add_split_commission_fields_to_satislar_and_komisyonlar_tables.php,181,"Forbidden method: dropColumn()","Always check column existence with Schema::hasColumn() first",$table->dropColumn('alici_komisyon_tutari');,/Users/macbookpro/Projects/yalihanai/database/migrations/2025_11_25_115537_add_split_commission_fields_to_satislar_and_komisyonlar_tables.php
203,HIGH,METHOD,2025_11_25_115537_add_split_commission_fields_to_satislar_and_komisyonlar_tables.php,200,"Forbidden method: dropColumn()","Always check column existence with Schema::hasColumn() first",$table->dropColumn('satici_danisman_id');,/Users/macbookpro/Projects/yalihanai/database/migrations/2025_11_25_115537_add_split_commission_fields_to_satislar_and_komisyonlar_tables.php
204,HIGH,METHOD,2025_11_25_115537_add_split_commission_fields_to_satislar_and_komisyonlar_tables.php,203,"Forbidden method: dropColumn()","Always check column existence with Schema::hasColumn() first",$table->dropColumn('alici_danisman_id');,/Users/macbookpro/Projects/yalihanai/database/migrations/2025_11_25_115537_add_split_commission_fields_to_satislar_and_komisyonlar_tables.php
205,HIGH,METHOD,2025_11_25_115537_add_split_commission_fields_to_satislar_and_komisyonlar_tables.php,206,"Forbidden method: dropColumn()","Always check column existence with Schema::hasColumn() first",$table->dropColumn('satici_komisyon_orani');,/Users/macbookpro/Projects/yalihanai/database/migrations/2025_11_25_115537_add_split_commission_fields_to_satislar_and_komisyonlar_tables.php
206,HIGH,METHOD,2025_11_25_115537_add_split_commission_fields_to_satislar_and_komisyonlar_tables.php,209,"Forbidden method: dropColumn()","Always check column existence with Schema::hasColumn() first",$table->dropColumn('alici_komisyon_orani');,/Users/macbookpro/Projects/yalihanai/database/migrations/2025_11_25_115537_add_split_commission_fields_to_satislar_and_komisyonlar_tables.php
207,HIGH,METHOD,2025_11_25_115537_add_split_commission_fields_to_satislar_and_komisyonlar_tables.php,212,"Forbidden method: dropColumn()","Always check column existence with Schema::hasColumn() first",$table->dropColumn('satici_komisyon_tutari');,/Users/macbookpro/Projects/yalihanai/database/migrations/2025_11_25_115537_add_split_commission_fields_to_satislar_and_komisyonlar_tables.php
208,HIGH,METHOD,2025_11_25_115537_add_split_commission_fields_to_satislar_and_komisyonlar_tables.php,215,"Forbidden method: dropColumn()","Always check column existence with Schema::hasColumn() first",$table->dropColumn('alici_komisyon_tutari');,/Users/macbookpro/Projects/yalihanai/database/migrations/2025_11_25_115537_add_split_commission_fields_to_satislar_and_komisyonlar_tables.php
209,HIGH,METHOD,2025_11_25_120501_add_split_commission_fields_to_satislar_and_komisyonlar_tables.php,125,"Forbidden method: dropColumn()","Always check column existence with Schema::hasColumn() first",$table->dropColumn('satici_danisman_id');,/Users/macbookpro/Projects/yalihanai/database/migrations/2025_11_25_120501_add_split_commission_fields_to_satislar_and_komisyonlar_tables.php
210,HIGH,METHOD,2025_11_25_120501_add_split_commission_fields_to_satislar_and_komisyonlar_tables.php,128,"Forbidden method: dropColumn()","Always check column existence with Schema::hasColumn() first",$table->dropColumn('alici_danisman_id');,/Users/macbookpro/Projects/yalihanai/database/migrations/2025_11_25_120501_add_split_commission_fields_to_satislar_and_komisyonlar_tables.php
211,HIGH,METHOD,2025_11_25_120501_add_split_commission_fields_to_satislar_and_komisyonlar_tables.php,131,"Forbidden method: dropColumn()","Always check column existence with Schema::hasColumn() first",$table->dropColumn('satici_komisyon_orani');,/Users/macbookpro/Projects/yalihanai/database/migrations/2025_11_25_120501_add_split_commission_fields_to_satislar_and_komisyonlar_tables.php
212,HIGH,METHOD,2025_11_25_120501_add_split_commission_fields_to_satislar_and_komisyonlar_tables.php,134,"Forbidden method: dropColumn()","Always check column existence with Schema::hasColumn() first",$table->dropColumn('alici_komisyon_orani');,/Users/macbookpro/Projects/yalihanai/database/migrations/2025_11_25_120501_add_split_commission_fields_to_satislar_and_komisyonlar_tables.php
213,HIGH,METHOD,2025_11_25_120501_add_split_commission_fields_to_satislar_and_komisyonlar_tables.php,137,"Forbidden method: dropColumn()","Always check column existence with Schema::hasColumn() first",$table->dropColumn('satici_komisyon_tutari');,/Users/macbookpro/Projects/yalihanai/database/migrations/2025_11_25_120501_add_split_commission_fields_to_satislar_and_komisyonlar_tables.php
214,HIGH,METHOD,2025_11_25_120501_add_split_commission_fields_to_satislar_and_komisyonlar_tables.php,140,"Forbidden method: dropColumn()","Always check column existence with Schema::hasColumn() first",$table->dropColumn('alici_komisyon_tutari');,/Users/macbookpro/Projects/yalihanai/database/migrations/2025_11_25_120501_add_split_commission_fields_to_satislar_and_komisyonlar_tables.php
215,HIGH,METHOD,2025_11_25_120501_add_split_commission_fields_to_satislar_and_komisyonlar_tables.php,160,"Forbidden method: dropColumn()","Always check column existence with Schema::hasColumn() first",$table->dropColumn('satici_danisman_id');,/Users/macbookpro/Projects/yalihanai/database/migrations/2025_11_25_120501_add_split_commission_fields_to_satislar_and_komisyonlar_tables.php
216,HIGH,METHOD,2025_11_25_120501_add_split_commission_fields_to_satislar_and_komisyonlar_tables.php,163,"Forbidden method: dropColumn()","Always check column existence with Schema::hasColumn() first",$table->dropColumn('alici_danisman_id');,/Users/macbookpro/Projects/yalihanai/database/migrations/2025_11_25_120501_add_split_commission_fields_to_satislar_and_komisyonlar_tables.php
217,HIGH,METHOD,2025_11_25_120501_add_split_commission_fields_to_satislar_and_komisyonlar_tables.php,166,"Forbidden method: dropColumn()","Always check column existence with Schema::hasColumn() first",$table->dropColumn('satici_komisyon_orani');,/Users/macbookpro/Projects/yalihanai/database/migrations/2025_11_25_120501_add_split_commission_fields_to_satislar_and_komisyonlar_tables.php
218,HIGH,METHOD,2025_11_25_120501_add_split_commission_fields_to_satislar_and_komisyonlar_tables.php,169,"Forbidden method: dropColumn()","Always check column existence with Schema::hasColumn() first",$table->dropColumn('alici_komisyon_orani');,/Users/macbookpro/Projects/yalihanai/database/migrations/2025_11_25_120501_add_split_commission_fields_to_satislar_and_komisyonlar_tables.php
219,HIGH,METHOD,2025_11_25_120501_add_split_commission_fields_to_satislar_and_komisyonlar_tables.php,172,"Forbidden method: dropColumn()","Always check column existence with Schema::hasColumn() first",$table->dropColumn('satici_komisyon_tutari');,/Users/macbookpro/Projects/yalihanai/database/migrations/2025_11_25_120501_add_split_commission_fields_to_satislar_and_komisyonlar_tables.php
220,HIGH,METHOD,2025_11_25_120501_add_split_commission_fields_to_satislar_and_komisyonlar_tables.php,175,"Forbidden method: dropColumn()","Always check column existence with Schema::hasColumn() first",$table->dropColumn('alici_komisyon_tutari');,/Users/macbookpro/Projects/yalihanai/database/migrations/2025_11_25_120501_add_split_commission_fields_to_satislar_and_komisyonlar_tables.php
221,HIGH,METHOD,2025_11_25_add_crm_fields_to_kisiler_table.php,59,"Forbidden method: dropColumn()","Always check column existence with Schema::hasColumn() first",$table->dropColumn([,/Users/macbookpro/Projects/yalihanai/database/migrations/2025_11_25_add_crm_fields_to_kisiler_table.php
222,HIGH,METHOD,2025_11_30_120000_add_alt_kategori_id_to_talepler_table.php,46,"Forbidden method: dropColumn()","Always check column existence with Schema::hasColumn() first",$table->dropColumn('alt_kategori_id');,/Users/macbookpro/Projects/yalihanai/database/migrations/2025_11_30_120000_add_alt_kategori_id_to_talepler_table.php
223,HIGH,METHOD,2025_12_01_125702_add_telegram_cortex_fields_to_users_table.php,61,"Forbidden method: dropColumn()","Always check column existence with Schema::hasColumn() first",$table->dropColumn('telegram_id');,/Users/macbookpro/Projects/yalihanai/database/migrations/2025_12_01_125702_add_telegram_cortex_fields_to_users_table.php
224,HIGH,METHOD,2025_12_01_125702_add_telegram_cortex_fields_to_users_table.php,64,"Forbidden method: dropColumn()","Always check column existence with Schema::hasColumn() first",$table->dropColumn('telegram_pairing_code');,/Users/macbookpro/Projects/yalihanai/database/migrations/2025_12_01_125702_add_telegram_cortex_fields_to_users_table.php
225,HIGH,METHOD,2025_12_01_125702_add_telegram_cortex_fields_to_users_table.php,67,"Forbidden method: dropColumn()","Always check column existence with Schema::hasColumn() first",$table->dropColumn('telegram_paired_at');,/Users/macbookpro/Projects/yalihanai/database/migrations/2025_12_01_125702_add_telegram_cortex_fields_to_users_table.php
226,HIGH,METHOD,2025_12_03_000001_add_price_text_and_nearby_places_to_ilanlar_table.php,26,"Forbidden method: dropColumn()","Always check column existence with Schema::hasColumn() first",$table->dropColumn('price_text');,/Users/macbookpro/Projects/yalihanai/database/migrations/2025_12_03_000001_add_price_text_and_nearby_places_to_ilanlar_table.php
227,HIGH,METHOD,2025_12_03_000001_add_price_text_and_nearby_places_to_ilanlar_table.php,30,"Forbidden method: dropColumn()","Always check column existence with Schema::hasColumn() first",$table->dropColumn('nearby_places');,/Users/macbookpro/Projects/yalihanai/database/migrations/2025_12_03_000001_add_price_text_and_nearby_places_to_ilanlar_table.php
228,HIGH,METHOD,2025_12_03_010000_add_video_fields_to_ilanlar_table.php,30,"Forbidden method: dropColumn()","Always check column existence with Schema::hasColumn() first",$table->dropColumn('video_url');,/Users/macbookpro/Projects/yalihanai/database/migrations/2025_12_03_010000_add_video_fields_to_ilanlar_table.php
229,HIGH,METHOD,2025_12_03_010000_add_video_fields_to_ilanlar_table.php,34,"Forbidden method: dropColumn()","Always check column existence with Schema::hasColumn() first",$table->dropColumn('video_status');,/Users/macbookpro/Projects/yalihanai/database/migrations/2025_12_03_010000_add_video_fields_to_ilanlar_table.php
230,HIGH,METHOD,2025_12_03_010000_add_video_fields_to_ilanlar_table.php,38,"Forbidden method: dropColumn()","Always check column existence with Schema::hasColumn() first",$table->dropColumn('video_last_frame');,/Users/macbookpro/Projects/yalihanai/database/migrations/2025_12_03_010000_add_video_fields_to_ilanlar_table.php
231,HIGH,METHOD,2025_12_04_170137_add_environment_fields_to_ilanlar_table.php,60,"Forbidden method: dropColumn()","Always check column existence with Schema::hasColumn() first",$table->dropColumn('environment_tags');,/Users/macbookpro/Projects/yalihanai/database/migrations/2025_12_04_170137_add_environment_fields_to_ilanlar_table.php
232,HIGH,METHOD,2025_12_04_170137_add_environment_fields_to_ilanlar_table.php,63,"Forbidden method: dropColumn()","Always check column existence with Schema::hasColumn() first",$table->dropColumn('environment_pois');,/Users/macbookpro/Projects/yalihanai/database/migrations/2025_12_04_170137_add_environment_fields_to_ilanlar_table.php
233,CRITICAL,NAMING,2025_12_05_000000_test_violation.php,16,"Forbidden field: 'order'","Use 'display_order' instead",$table->integer('order');,/Users/macbookpro/Projects/yalihanai/database/migrations/2025_12_05_000000_test_violation.php
234,CRITICAL,NAMING,2025_12_05_000000_test_violation.php,19,"Forbidden field: 'is_active'","Use 'status' instead",$table->boolean('is_active');,/Users/macbookpro/Projects/yalihanai/database/migrations/2025_12_05_000000_test_violation.php
235,CRITICAL,NAMING,2025_12_05_000000_test_violation.php,29,"Forbidden field: 'order'","Use 'display_order' instead",$table->dropColumn('order');,/Users/macbookpro/Projects/yalihanai/database/migrations/2025_12_05_000000_test_violation.php
236,HIGH,METHOD,2025_12_05_000000_test_violation.php,29,"Forbidden method: dropColumn()","Always check column existence with Schema::hasColumn() first",$table->dropColumn('order');,/Users/macbookpro/Projects/yalihanai/database/migrations/2025_12_05_000000_test_violation.php
